"25 occurances of and and density 5.38%,"
"17 occurances of gas and density 3.66%,"
"16 occurances of hallam and density 3.44%,"
"16 occurances of heaters and density 3.44%,"
"14 occurances of wood and density 3.01%,"
"14 occurances of heating and density 3.01%,"
"10 occurances of of and density 2.15%,"
"10 occurances of melbourne and density 2.15%,"
"9 occurances of more and density 1.94%,"
"9 occurances of to and density 1.94%,"
"9 occurances of fireplace and density 1.94%,"
"8 occurances of fireplaces and density 1.72%,"
"7 occurances of log and density 1.51%,"
"5 occurances of or and density 1.08%,"
"5 occurances of ovens and density 1.08%,"
"4 occurances of for and density 0.86%,"
"4 occurances of is and density 0.86%,"
"4 occurances of our and density 0.86%,"
"4 occurances of us and density 0.86%,"
"4 occurances of today and density 0.86%,"
"4 occurances of we and density 0.86%,"
"4 occurances of on and density 0.86%,"
"4 occurances of &#45; and density 0.86%,"
"4 occurances of in and density 0.86%,"
"4 occurances of with and density 0.86%,"
"4 occurances of contact and density 0.86%,"
"3 occurances of fire and density 0.65%,"
"3 occurances of one and density 0.65%,"
"3 occurances of home and density 0.65%,"
"3 occurances of at and density 0.65%,"
"3 occurances of :: and density 0.65%,"
"3 occurances of pizza and density 0.65%,"
"3 occurances of business and density 0.65%,"
"2 occurances of each and density 0.43%,"
"2 occurances of information and density 0.43%,"
"2 occurances of 5088 and density 0.43%,"
"2 occurances of read and density 0.43%,"
"2 occurances of heatings and density 0.43%,"
"2 occurances of 9796 and density 0.43%,"
"2 occurances of 03 and density 0.43%,"
"2 occurances of seo and density 0.43%,"
"2 occurances of display and density 0.43%,"
"2 occurances of selection and density 0.43%,"
"2 occurances of largest and density 0.43%,"
"2 occurances of can and density 0.43%,"
"2 occurances of family and density 0.43%,"
"2 occurances of has and density 0.43%,"
"2 occurances of products and density 0.43%,"
"2 occurances of heating&rsquo;s and density 0.43%,"
"2 occurances of out and density 0.43%,"
"2 occurances of find and density 0.43%,"
"2 occurances of website and density 0.43%,"
"2 occurances of installation and density 0.43%,"
"2 occurances of baker and density 0.43%,"
"2 occurances of heat and density 0.43%,"
"2 occurances of provide and density 0.43%,"
"2 occurances of inbuilt and density 0.43%,"
"2 occurances of australia and density 0.43%,"
"2 occurances of warm and density 0.43%,"
"1 occurances of enquiry and density 0.22%,"
"1 occurances of specialist and density 0.22%,"
"1 occurances of boasting and density 0.22%,"
"1 occurances of melbourne&rsquo;s and density 0.22%,"
"1 occurances of convenient and density 0.22%,"
"1 occurances of location and density 0.22%,"
"1 occurances of initial and density 0.22%,"
"1 occurances of showroom and density 0.22%,"
"1 occurances of everything and density 0.22%,"
"1 occurances of you and density 0.22%,"
"1 occurances of need and density 0.22%,"
"1 occurances of supplies and density 0.22%,"
"1 occurances of from and density 0.22%,"
"1 occurances of 1992 and density 0.22%,"
"1 occurances of since and density 0.22%,"
"1 occurances of families and density 0.22%,"
"1 occurances of tool and density 0.22%,"
"1 occurances of sets and density 0.22%,"
"1 occurances of surrounds and density 0.22%,"
"1 occurances of hearths and density 0.22%,"
"1 occurances of child and density 0.22%,"
"1 occurances of safety and density 0.22%,"
"1 occurances of guards and density 0.22%,"
"1 occurances of keep and density 0.22%,"
"1 occurances of properties and density 0.22%,"
"1 occurances of beautify and density 0.22%,"
"1 occurances of provided and density 0.22%,"
"1 occurances of services and density 0.22%,"
"1 occurances of homes and density 0.22%,"
"1 occurances of pride and density 0.22%,"
"1 occurances of specialising and density 0.22%,"
"1 occurances of prizing and density 0.22%,"
"1 occurances of product and density 0.22%,"
"1 occurances of industry and density 0.22%,"
"1 occurances of knowledge and density 0.22%,"
"1 occurances of valuing and density 0.22%,"
"1 occurances of customer and density 0.22%,"
"1 occurances of service and density 0.22%,"
"1 occurances of ongoing and density 0.22%,"
"1 occurances of client and density 0.22%,"
"1 occurances of relationships and density 0.22%,"
"1 occurances of all and density 0.22%,"
"1 occurances of else and density 0.22%,"
"1 occurances of take and density 0.22%,"
"1 occurances of 16 and density 0.22%,"
"1 occurances of independent and density 0.22%,"
"1 occurances of brands and density 0.22%,"
"1 occurances of disposal and density 0.22%,"
"1 occurances of welcome and density 0.22%,"
"1 occurances of different and density 0.22%,"
"1 occurances of features and density 0.22%,"
"1 occurances of benefits and density 0.22%,"
"1 occurances of aesthetic and density 0.22%,"
"1 occurances of appearances and density 0.22%,"
"1 occurances of melbourne&#39;s and density 0.22%,"
"1 occurances of be and density 0.22%,"
"1 occurances of customised and density 0.22%,"
"1 occurances of valued and density 0.22%,"
"1 occurances of customers&rsquo; and density 0.22%,"
"1 occurances of specific and density 0.22%,"
"1 occurances of needs and density 0.22%,"
"1 occurances of requirements and density 0.22%,"
"1 occurances of understand and density 0.22%,"
"1 occurances of that and density 0.22%,"
"1 occurances of indoor and density 0.22%,"
"1 occurances of than and density 0.22%,"
"1 occurances of means and density 0.22%,"
"1 occurances of warming and density 0.22%,"
"1 occurances of g4 and density 0.22%,"
"1 occurances of 96 and density 0.22%,"
"1 occurances of this and density 0.22%,"
"1 occurances of mind and density 0.22%,"
"1 occurances of ref and density 0.22%,"
"1 occurances of both and density 0.22%,"
"1 occurances of melways and density 0.22%,"
"1 occurances of freestanding and density 0.22%,"
"1 occurances of centrepieces and density 0.22%,"
"1 occurances of designed and density 0.22%,"
"1 occurances of appeal and density 0.22%,"
"1 occurances of aesthetically and density 0.22%,"
"1 occurances of blend and density 0.22%,"
"1 occurances of naturally and density 0.22%,"
"1 occurances of into and density 0.22%,"
"1 occurances of decor and density 0.22%,"
"1 occurances of any and density 0.22%,"
"1 occurances of room and density 0.22%,"
"1 occurances of option and density 0.22%,"
"1 occurances of flush and density 0.22%,"
"1 occurances of builtup and density 0.22%,"
"1 occurances of framework and density 0.22%,"
"1 occurances of afford and density 0.22%,"
"1 occurances of illusion and density 0.22%,"
"1 occurances of traditional and density 0.22%,"
"1 occurances of chimney and density 0.22%,"
"1 occurances of wide and density 0.22%,"
"1 occurances of range and density 0.22%,"
"1 occurances of also and density 0.22%,"
"1 occurances of available and density 0.22%,"
"1 occurances of ensures and density 0.22%,"
"1 occurances of entertaining and density 0.22%,"
"1 occurances of friends and density 0.22%,"
"1 occurances of easy and density 0.22%,"
"1 occurances of learn and density 0.22%,"
"1 occurances of how and density 0.22%,"
"1 occurances of your and density 0.22%,"
"1 occurances of call and density 0.22%,"
"1 occurances of click and density 0.22%,"
"1 occurances of here and density 0.22%,"
"1 occurances of 3803 and density 0.22%,"
"1 occurances of 20 and density 0.22%,"
"1 occurances of march and density 0.22%,"
"1 occurances of 2013 and density 0.22%,"
"1 occurances of expert and density 0.22%,"
"1 occurances of victoria and density 0.22%,"
"1 occurances of road and density 0.22%,"
"1 occurances of centre and density 0.22%,"
"1 occurances of hosting and density 0.22%,"
"1 occurances of maintenance and density 0.22%,"
"1 occurances of custom and density 0.22%,"
"1 occurances of web and density 0.22%,"
"1 occurances of site and density 0.22%,"
"1 occurances of design and density 0.22%,"
"1 occurances of agency and density 0.22%,"
"1 occurances of 1/10 and density 0.22%,"
"1 occurances of sydney and density 0.22%,"
"1 occurances of brisbane and density 0.22%,"
"1 occurances of perth and density 0.22%,"
"1 occurances of why and density 0.22%,"
"1 occurances of faq and density 0.22%,"
"1 occurances of spare and density 0.22%,"
"1 occurances of parts and density 0.22%,"
"1 occurances of accessories and density 0.22%,"
"1 occurances of jetmaster and density 0.22%,"
"1 occurances of nectre and density 0.22%,"
"1 occurances of clean and density 0.22%,"
"1 occurances of air and density 0.22%,"
"1 occurances of masport and density 0.22%,"
"1 occurances of jindara and density 0.22%,"
"1 occurances of eureka and density 0.22%,"
"1 occurances of wood&amp;gas and density 0.22%,"
"1 occurances of archer and density 0.22%,"
"1 occurances of heatmaster and density 0.22%,"
"1 occurances of heater and density 0.22%,"
"1 occurances of charm and density 0.22%,"
"1 occurances of coonara and density 0.22%,"
"1 occurances of arrow and density 0.22%,"
"1 occurances of woodstoves and density 0.22%,"
"1 occurances of regency and density 0.22%,"
"1 occurances of &amp; and density 0.22%,"
"1 occurances of glo and density 0.22%,"
"1 occurances of jotul and density 0.22%,"
"1 occurances of osburn and density 0.22%,"
"1 occurances of cannon and density 0.22%,"
"1 occurances of sitemap and density 0.22%,"
"1 occurances of relevant and density 0.22%,"
